-- ============================================
-- employees 练习数据库 — 数据工程师学习专用
-- 20个员工，5个部门，薪资+职位变动历史
-- ============================================

DROP DATABASE IF EXISTS employees;
CREATE DATABASE employees CHARACTER SET utf8mb4;
USE employees;

-- 部门表
CREATE TABLE departments (
    dept_no     CHAR(4)     PRIMARY KEY,
    dept_name   VARCHAR(40) NOT NULL UNIQUE
);

INSERT INTO departments VALUES
('d001', 'Engineering'),
('d002', 'Data'),
('d003', 'Product'),
('d004', 'Marketing'),
('d005', 'HR');

-- 员工表
CREATE TABLE employees (
    emp_no      INT             PRIMARY KEY,
    first_name  VARCHAR(20)     NOT NULL,
    last_name   VARCHAR(20)     NOT NULL,
    gender      ENUM('M','F')   NOT NULL,
    birth_date  DATE            NOT NULL,
    hire_date   DATE            NOT NULL
);

INSERT INTO employees VALUES
(10001, '张',   '伟',   'M', '1990-03-15', '2018-06-01'),
(10002, '李',   '娜',   'F', '1992-07-22', '2019-03-15'),
(10003, '王',   '磊',   'M', '1988-11-08', '2017-01-10'),
(10004, '赵',   '敏',   'F', '1995-05-30', '2020-08-01'),
(10005, '陈',   '杰',   'M', '1991-09-14', '2018-11-20'),
(10006, '刘',   '洋',   'M', '1993-02-28', '2019-07-01'),
(10007, '杨',   '芳',   'F', '1994-12-05', '2021-01-15'),
(10008, '黄',   '强',   'M', '1989-06-18', '2016-04-01'),
(10009, '周',   '静',   'F', '1996-08-25', '2021-09-01'),
(10010, '吴',   '鑫',   'M', '1990-01-12', '2017-06-15'),
(10011, '孙',   '雨',   'F', '1993-10-20', '2020-02-01'),
(10012, '马',   '超',   'M', '1987-04-03', '2015-08-01'),
(10013, '朱',   '婷',   'F', '1997-07-14', '2022-03-01'),
(10014, '胡',   '兵',   'M', '1992-11-30', '2019-11-01'),
(10015, '林',   '慧',   'F', '1994-03-08', '2020-05-15'),
(10016, '何',   '刚',   'M', '1988-09-22', '2016-09-01'),
(10017, '郭',   '晶',   'F', '1995-06-17', '2021-06-01'),
(10018, '郑',   '伟',   'M', '1991-12-25', '2018-03-01'),
(10019, '梁',   '燕',   'F', '1993-05-19', '2019-08-15'),
(10020, '谢',   '鹏',   'M', '1996-02-14', '2022-01-01');

-- 部门分配表（历史记录）
CREATE TABLE dept_emp (
    emp_no      INT,
    dept_no     CHAR(4),
    from_date   DATE    NOT NULL,
    to_date     DATE    NOT NULL,
    PRIMARY KEY (emp_no, dept_no, from_date),
    FOREIGN KEY (emp_no) REFERENCES employees(emp_no),
    FOREIGN KEY (dept_no) REFERENCES departments(dept_no)
);

INSERT INTO dept_emp VALUES
-- 工程部
(10001, 'd001', '2018-06-01', '2021-05-31'),
(10001, 'd002', '2021-06-01', '9999-01-01'),  -- 转数据部
(10002, 'd001', '2019-03-15', '9999-01-01'),
(10003, 'd001', '2017-01-10', '2019-12-31'),
(10003, 'd003', '2020-01-01', '9999-01-01'),  -- 转产品部
(10005, 'd001', '2018-11-20', '9999-01-01'),
(10008, 'd001', '2016-04-01', '9999-01-01'),
-- 数据部
(10004, 'd002', '2020-08-01', '9999-01-01'),
(10006, 'd002', '2019-07-01', '9999-01-01'),
(10007, 'd002', '2021-01-15', '9999-01-01'),
(10009, 'd002', '2021-09-01', '9999-01-01'),
(10011, 'd002', '2020-02-01', '2022-06-30'),
(10011, 'd001', '2022-07-01', '9999-01-01'),  -- 转工程部
(10014, 'd002', '2019-11-01', '2022-03-31'),
-- 产品部
(10010, 'd003', '2017-06-15', '9999-01-01'),
(10013, 'd003', '2022-03-01', '9999-01-01'),
(10016, 'd003', '2016-09-01', '9999-01-01'),
(10018, 'd003', '2018-03-01', '9999-01-01'),
-- 市场部
(10012, 'd004', '2015-08-01', '9999-01-01'),
(10015, 'd004', '2020-05-15', '9999-01-01'),
(10019, 'd004', '2019-08-15', '9999-01-01'),
(10020, 'd004', '2022-01-01', '9999-01-01'),
-- HR部
(10017, 'd005', '2021-06-01', '9999-01-01');

-- 薪资表（历史记录）
CREATE TABLE salaries (
    emp_no      INT,
    salary      INT         NOT NULL,
    from_date   DATE        NOT NULL,
    to_date     DATE        NOT NULL,
    PRIMARY KEY (emp_no, from_date),
    FOREIGN KEY (emp_no) REFERENCES employees(emp_no)
);

INSERT INTO salaries VALUES
(10001, 15000, '2018-06-01', '2019-05-31'),
(10001, 18000, '2019-06-01', '2020-05-31'),
(10001, 20000, '2020-06-01', '2021-05-31'),
(10001, 24000, '2021-06-01', '2022-05-31'),
(10001, 28000, '2022-06-01', '9999-01-01'),
(10002, 16000, '2019-03-15', '2020-03-14'),
(10002, 19000, '2020-03-15', '2021-03-14'),
(10002, 22000, '2021-03-15', '9999-01-01'),
(10003, 20000, '2017-01-10', '2018-01-09'),
(10003, 23000, '2018-01-10', '2019-01-09'),
(10003, 26000, '2019-01-10', '2020-01-09'),
(10003, 29000, '2020-01-10', '2021-01-09'),
(10003, 32000, '2021-01-10', '9999-01-01'),
(10004, 14000, '2020-08-01', '2021-07-31'),
(10004, 17000, '2021-08-01', '9999-01-01'),
(10005, 18000, '2018-11-20', '2019-11-19'),
(10005, 21000, '2019-11-20', '2020-11-19'),
(10005, 25000, '2020-11-20', '9999-01-01'),
(10006, 15000, '2019-07-01', '2020-06-30'),
(10006, 17500, '2020-07-01', '2021-06-30'),
(10006, 20000, '2021-07-01', '9999-01-01'),
(10007, 13000, '2021-01-15', '2022-01-14'),
(10007, 15500, '2022-01-15', '9999-01-01'),
(10008, 30000, '2016-04-01', '2017-03-31'),
(10008, 33000, '2017-04-01', '2018-03-31'),
(10008, 36000, '2018-04-01', '2019-03-31'),
(10008, 40000, '2019-04-01', '2020-03-31'),
(10008, 45000, '2020-04-01', '9999-01-01'),
(10009, 12000, '2021-09-01', '2022-08-31'),
(10009, 14500, '2022-09-01', '9999-01-01'),
(10010, 17000, '2017-06-15', '2018-06-14'),
(10010, 20000, '2018-06-15', '2019-06-14'),
(10010, 23000, '2019-06-15', '2020-06-14'),
(10010, 26000, '2020-06-15', '2021-06-14'),
(10010, 30000, '2021-06-15', '9999-01-01'),
(10011, 14500, '2020-02-01', '2021-01-31'),
(10011, 16500, '2021-02-01', '2022-01-31'),
(10011, 19000, '2022-02-01', '9999-01-01'),
(10012, 35000, '2015-08-01', '2016-07-31'),
(10012, 38000, '2016-08-01', '2017-07-31'),
(10012, 42000, '2017-08-01', '2018-07-31'),
(10012, 46000, '2018-08-01', '2019-07-31'),
(10012, 50000, '2019-08-01', '2020-07-31'),
(10012, 55000, '2020-08-01', '9999-01-01'),
(10013, 11000, '2022-03-01', '9999-01-01'),
(10014, 13500, '2019-11-01', '2020-10-31'),
(10014, 15500, '2020-11-01', '2021-10-31'),
(10014, 18000, '2021-11-01', '2022-10-31'),
(10014, 21000, '2022-11-01', '9999-01-01'),
(10015, 14000, '2020-05-15', '2021-05-14'),
(10015, 16000, '2021-05-15', '9999-01-01'),
(10016, 25000, '2016-09-01', '2017-08-31'),
(10016, 28000, '2017-09-01', '2018-08-31'),
(10016, 31000, '2018-09-01', '2019-08-31'),
(10016, 34000, '2019-09-01', '2020-08-31'),
(10016, 38000, '2020-09-01', '9999-01-01'),
(10017, 12500, '2021-06-01', '2022-05-31'),
(10017, 15000, '2022-06-01', '9999-01-01'),
(10018, 24000, '2018-03-01', '2019-02-28'),
(10018, 27000, '2019-03-01', '2020-02-29'),
(10018, 30000, '2020-03-01', '2021-02-28'),
(10018, 33000, '2021-03-01', '9999-01-01'),
(10019, 15000, '2019-08-15', '2020-08-14'),
(10019, 17500, '2020-08-15', '2021-08-14'),
(10019, 20000, '2021-08-15', '9999-01-01'),
(10020, 10000, '2022-01-01', '9999-01-01');

-- 职位表（历史记录）
CREATE TABLE titles (
    emp_no      INT,
    title       VARCHAR(50) NOT NULL,
    from_date   DATE        NOT NULL,
    to_date     DATE        NOT NULL,
    PRIMARY KEY (emp_no, title, from_date),
    FOREIGN KEY (emp_no) REFERENCES employees(emp_no)
);

INSERT INTO titles VALUES
(10001, 'Junior Engineer',     '2018-06-01', '2020-05-31'),
(10001, 'Engineer',            '2020-06-01', '2021-05-31'),
(10001, 'Senior Data Engineer','2021-06-01', '9999-01-01'),
(10002, 'Junior Engineer',     '2019-03-15', '2021-03-14'),
(10002, 'Engineer',            '2021-03-15', '9999-01-01'),
(10003, 'Engineer',            '2017-01-10', '2019-12-31'),
(10003, 'Senior PM',           '2020-01-01', '9999-01-01'),
(10004, 'Data Analyst',        '2020-08-01', '2021-07-31'),
(10004, 'Data Engineer',       '2021-08-01', '9999-01-01'),
(10005, 'Engineer',            '2018-11-20', '2020-11-19'),
(10005, 'Senior Engineer',     '2020-11-20', '9999-01-01'),
(10006, 'Data Analyst',        '2019-07-01', '2021-06-30'),
(10006, 'Data Engineer',       '2021-07-01', '9999-01-01'),
(10007, 'Junior Data Analyst', '2021-01-15', '2022-01-14'),
(10007, 'Data Analyst',        '2022-01-15', '9999-01-01'),
(10008, 'Senior Engineer',     '2016-04-01', '2019-03-31'),
(10008, 'Tech Lead',           '2019-04-01', '9999-01-01'),
(10009, 'Junior Data Engineer','2021-09-01', '2022-08-31'),
(10009, 'Data Engineer',       '2022-09-01', '9999-01-01'),
(10010, 'Junior PM',           '2017-06-15', '2019-06-14'),
(10010, 'PM',                  '2019-06-15', '2021-06-14'),
(10010, 'Senior PM',           '2021-06-15', '9999-01-01'),
(10011, 'Data Analyst',        '2020-02-01', '2022-01-31'),
(10011, 'Engineer',            '2022-02-01', '9999-01-01'),
(10012, 'Marketing Manager',   '2015-08-01', '2019-07-31'),
(10012, 'Marketing Director',  '2019-08-01', '9999-01-01'),
(10013, 'Junior PM',           '2022-03-01', '9999-01-01'),
(10014, 'Data Analyst',        '2019-11-01', '2021-10-31'),
(10014, 'Data Engineer',       '2021-11-01', '9999-01-01'),
(10015, 'Marketing Specialist','2020-05-15', '9999-01-01'),
(10016, 'PM',                  '2016-09-01', '2019-08-31'),
(10016, 'Senior PM',           '2019-09-01', '9999-01-01'),
(10017, 'HR Specialist',       '2021-06-01', '9999-01-01'),
(10018, 'PM',                  '2018-03-01', '2020-02-29'),
(10018, 'Senior PM',           '2020-03-01', '9999-01-01'),
(10019, 'Marketing Specialist','2019-08-15', '2021-08-14'),
(10019, 'Senior Marketing',    '2021-08-15', '9999-01-01'),
(10020, 'Junior Marketing',    '2022-01-01', '9999-01-01');
